id,google_timestamp,zoom_timestamp,prog_exp,prog_exp_r,prog_ease_max_list,data_format,current_use_llm,work_organisation,barrier_time_availability,barrier_supervisor_interests,barrier_internet_connection,barrier_electricity,barrier_computer,interest_share_dataset
i2x8i0,2023-10-05T10:31:42Z,2023-10-05T10:32:22Z,I have written a few lines now and again.,I have written a few lines now and again.,I could struggle through by trial and error with a lot of web searches.,"In machine readible files (e.g. CSV, JSON)",I use LLMs occasionally for specific tasks when needed (e.g once a week).,Independent consultant,A barrier,Not a barrier,Not a barrier,Not a barrier,Not a barrier,Maybe
a7j5a3,2023-10-18T05:21:12Z,2023-10-18T05:22:09Z,I have written programs for my own use that are a couple of pages long.,I have written programs for my own use that are a couple of pages long.,I could do it quickly with external help.,In a spreadsheet-based format (e.g MS Excel xlsx or Google Sheets),I use LLMs occasionally for specific tasks when needed (e.g once a week).,NGO (non-governmental organisation),A barrier,Not a barrier,Not a barrier,Not a barrier,Not a barrier,Maybe
e4k8e0,2023-10-02T18:30:19Z,2023-10-02T18:31:57Z,I have none.,I have none.,I wouldn’t know where to start.,In a spreadsheet-based format (e.g MS Excel xlsx or Google Sheets),I regularly use LLMs for various tasks to improve efficiency (e.g. once a day).,Academia,A barrier,Not a barrier,I don't know,Not a barrier,Not a barrier,No
r0x1r6,2023-10-12T17:40:54Z,2023-10-12T17:42:24Z,I have written a few lines now and again.,I have written a few lines now and again.,I could struggle through by trial and error with a lot of web searches.,"In machine readible files (e.g. CSV, JSON)",I rely on LLMs for completing a wide range of tasks (e.g. several times a day).,Academia,Not a barrier,A barrier,Not a barrier,Not a barrier,Not a barrier,No
f8c1f2,2023-10-24T22:03:04Z,2023-10-18T16:26:01Z,I have written a few lines now and again.,I have written a few lines now and again.,I could do it quickly with external help.,In physical notebooks on paper,I have not used any LLMs for completing tasks.,Government,Not a barrier,I don't know,A barrier,A barrier,A barrier,No
c8v9c5,2023-10-05T12:03:11Z,2023-10-05T12:04:00Z,I have written programs for my own use that are a couple of pages long.,I have written programs for my own use that are a couple of pages long.,I could do it quickly with external help.,"In machine readible files (e.g. CSV, JSON)",I regularly use LLMs for various tasks to improve efficiency (e.g. once a day).,Private sector,I don't know,I don't know,Not a barrier,Not a barrier,Not a barrier,Yes
w9m1w5,2023-10-18T10:51:54Z,2023-10-18T10:53:26Z,I have none.,I have none.,I wouldn’t know where to start.,In a spreadsheet-based format (e.g MS Excel xlsx or Google Sheets),I use LLMs occasionally for specific tasks when needed (e.g once a week).,NGO (non-governmental organisation),I don't know,Not a barrier,A barrier,Not a barrier,Not a barrier,No
f6g2f6,2023-10-26T00:11:38Z,2023-10-13T11:55:21Z,I have written a few lines now and again.,I have none.,I could do it quickly with external help.,In a spreadsheet-based format (e.g MS Excel xlsx or Google Sheets),I have not used any LLMs for completing tasks.,Academia,I don't know,Not a barrier,Not a barrier,Not a barrier,Not a barrier,No
x5y9x0,2023-10-21T01:02:45Z,2023-10-21T01:06:51Z,I have written programs for my own use that are a couple of pages long.,I have written a few lines now and again.,I could do it quickly with external help.,"In machine readible files (e.g. CSV, JSON)",I have not used any LLMs for completing tasks.,Government,Not a barrier,Not a barrier,Not a barrier,Not a barrier,Not a barrier,Yes
q3r7q9,2023-10-17T09:02:12Z,2023-10-24T15:30:03Z,I have written a few lines now and again.,I have none.,I could struggle through by trial and error with a lot of web searches.,In a spreadsheet-based format (e.g MS Excel xlsx or Google Sheets),I use LLMs occasionally for specific tasks when needed (e.g once a week).,Academia,A barrier,Not a barrier,Not a barrier,Not a barrier,Not a barrier,Maybe
i7z9i8,2023-10-07T17:34:12Z,2023-10-07T17:34:55Z,I have written programs for my own use that are a couple of pages long.,I have written programs for my own use that are a couple of pages long.,I could struggle through by trial and error with a lot of web searches.,In a spreadsheet-based format (e.g MS Excel xlsx or Google Sheets),I have not used any LLMs for completing tasks.,NGO (non-governmental organisation),Not a barrier,Not a barrier,Not a barrier,Not a barrier,Not a barrier,Maybe
k1o3k8,2023-10-06T17:51:35Z,2023-10-06T17:52:12Z,I have written a few lines now and again.,I have written a few lines now and again.,I could struggle through by trial and error with a lot of web searches.,"In machine readible files (e.g. CSV, JSON)",I use LLMs occasionally for specific tasks when needed (e.g once a week).,Private sector,A barrier,Not a barrier,Not a barrier,Not a barrier,Not a barrier,Maybe
g7y3g5,2023-10-19T11:08:32Z,2023-10-19T11:10:24Z,I have written programs for my own use that are a couple of pages long.,I have written programs for my own use that are a couple of pages long.,I could do it quickly with no use of external help.,"In machine readible files (e.g. CSV, JSON)",I have not used any LLMs for completing tasks.,NGO (non-governmental organisation),A barrier,Not a barrier,A barrier,Not a barrier,Not a barrier,Maybe
b2h8b0,2023-10-05T22:20:37Z,2023-10-05T22:24:06Z,I have written a few lines now and again.,I have written a few lines now and again.,I wouldn’t know where to start.,In a relational database (e.g. an SQL Database),I regularly use LLMs for various tasks to improve efficiency (e.g. once a day).,Private sector,Not a barrier,Not a barrier,A barrier,Not a barrier,Not a barrier,Yes
a5h0a1,2023-10-05T16:33:33Z,2023-10-05T16:34:45Z,I have written a few lines now and again.,I have none.,I could do it quickly with external help.,In a spreadsheet-based format (e.g MS Excel xlsx or Google Sheets),I have not used any LLMs for completing tasks.,NGO (non-governmental organisation),I don't know,Not a barrier,Not a barrier,Not a barrier,Not a barrier,No
c9w9c0,2023-10-09T17:57:40Z,2023-10-09T17:58:47Z,I have none.,I have none.,I could struggle through by trial and error with a lot of web searches.,In a spreadsheet-based format (e.g MS Excel xlsx or Google Sheets),I have not used any LLMs for completing tasks.,NGO (non-governmental organisation),Not a barrier,Not a barrier,Not a barrier,Not a barrier,Not a barrier,Yes
t4g9t4,2023-10-10T15:36:11Z,NA,I have written a few lines now and again.,I have written a few lines now and again.,I could do it quickly with external help.,In a spreadsheet-based format (e.g MS Excel xlsx or Google Sheets),I use LLMs occasionally for specific tasks when needed (e.g once a week).,Academia,A barrier,Not a barrier,Not a barrier,Not a barrier,Not a barrier,Yes
w0k6w3,2023-10-06T11:32:20Z,2023-10-24T15:44:36Z,I have written a few lines now and again.,I have written a few lines now and again.,I wouldn’t know where to start.,In a spreadsheet-based format (e.g MS Excel xlsx or Google Sheets),I use LLMs occasionally for specific tasks when needed (e.g once a week).,NGO (non-governmental organisation),A barrier,Not a barrier,A barrier,A barrier,Not a barrier,No
m2s5m4,2023-10-29T04:53:56Z,2023-10-29T04:55:46Z,I have none.,I have none.,I could do it quickly with external help.,In a spreadsheet-based format (e.g MS Excel xlsx or Google Sheets),I use LLMs occasionally for specific tasks when needed (e.g once a week).,Academia,A barrier,Not a barrier,Not a barrier,Not a barrier,Not a barrier,Maybe
o9c7o8,2023-10-04T17:47:02Z,2023-10-04T17:48:47Z,I have written a few lines now and again.,I have none.,I could struggle through by trial and error with a lot of web searches.,In a spreadsheet-based format (e.g MS Excel xlsx or Google Sheets),I use LLMs occasionally for specific tasks when needed (e.g once a week).,Academia,A barrier,Not a barrier,A barrier,Not a barrier,A barrier,Maybe
f8c1f2,2023-10-05T14:21:44Z,NA,I have written a few lines now and again.,I have none.,I could struggle through by trial and error with a lot of web searches.,In a spreadsheet-based format (e.g MS Excel xlsx or Google Sheets),I regularly use LLMs for various tasks to improve efficiency (e.g. once a day).,NGO (non-governmental organisation),Not a barrier,Not a barrier,A barrier,Not a barrier,Not a barrier,Yes
c6a2c3,2023-10-11T15:21:45Z,2023-10-11T15:22:27Z,I have none.,I have none.,I could struggle through by trial and error with a lot of web searches.,In a spreadsheet-based format (e.g MS Excel xlsx or Google Sheets),I regularly use LLMs for various tasks to improve efficiency (e.g. once a day).,Private sector,Not a barrier,Not a barrier,Not a barrier,Not a barrier,Not a barrier,Yes
a1q6a8,2023-10-13T22:31:03Z,2023-10-13T22:46:03Z,I have written a few lines now and again.,I have none.,I could struggle through by trial and error with a lot of web searches.,in word documents and pdf,I use LLMs occasionally for specific tasks when needed (e.g once a week).,Academia,A barrier,Not a barrier,A barrier,Not a barrier,A barrier,Maybe
d8w7d8,2023-10-16T17:59:21Z,2023-10-16T17:46:58Z,I have written programs for my own use that are a couple of pages long.,I have written a few lines now and again.,I could do it quickly with external help.,In a spreadsheet-based format (e.g MS Excel xlsx or Google Sheets),I use LLMs occasionally for specific tasks when needed (e.g once a week).,NGO (non-governmental organisation),A barrier,Not a barrier,Not a barrier,Not a barrier,Not a barrier,Maybe
j3p1j0,2023-10-10T18:51:26Z,2023-10-10T18:54:22Z,I have none.,I have none.,I could struggle through by trial and error with a lot of web searches.,In a spreadsheet-based format (e.g MS Excel xlsx or Google Sheets),I have not used any LLMs for completing tasks.,Academia,Not a barrier,Not a barrier,Not a barrier,Not a barrier,Not a barrier,No
f8c1f2,2023-10-06T20:15:29Z,2023-10-06T20:16:29Z,I have none.,I have none.,I wouldn’t know where to start.,"In machine readible files (e.g. CSV, JSON)",I use LLMs occasionally for specific tasks when needed (e.g once a week).,Academia,A barrier,Not a barrier,Not a barrier,A barrier,Not a barrier,Maybe
f9y8f3,2023-10-08T20:35:34Z,2023-10-08T20:36:55Z,I have none.,I have none.,I wouldn’t know where to start.,In a spreadsheet-based format (e.g MS Excel xlsx or Google Sheets),I regularly use LLMs for various tasks to improve efficiency (e.g. once a day).,Academia,I don't know,I don't know,Not a barrier,Not a barrier,Not a barrier,Maybe
g3a3g2,2023-10-08T06:54:13Z,2023-10-08T06:55:46Z,I have none.,I have none.,I could struggle through by trial and error with a lot of web searches.,In a spreadsheet-based format (e.g MS Excel xlsx or Google Sheets),I use LLMs occasionally for specific tasks when needed (e.g once a week).,NGO (non-governmental organisation),A barrier,Not a barrier,Not a barrier,Not a barrier,Not a barrier,Yes
z5g7z6,2023-10-19T13:05:16Z,2023-10-19T13:16:17Z,I have none.,I have none.,I wouldn’t know where to start.,In a spreadsheet-based format (e.g MS Excel xlsx or Google Sheets),I have not used any LLMs for completing tasks.,Academia,Not a barrier,Not a barrier,Not a barrier,Not a barrier,Not a barrier,Yes
f8c1f2,2023-10-09T10:01:55Z,2023-10-09T10:02:45Z,I have written a few lines now and again.,I have none.,I wouldn’t know where to start.,In a spreadsheet-based format (e.g MS Excel xlsx or Google Sheets),I have not used any LLMs for completing tasks.,NGO (non-governmental organisation),Not a barrier,Not a barrier,A barrier,A barrier,Not a barrier,Yes
s4r2s8,2023-10-04T08:41:50Z,2023-10-04T08:42:18Z,I have written programs for my own use that are a couple of pages long.,I have none.,I could struggle through by trial and error with a lot of web searches.,In a spreadsheet-based format (e.g MS Excel xlsx or Google Sheets),I regularly use LLMs for various tasks to improve efficiency (e.g. once a day).,Academia,A barrier,Not a barrier,Not a barrier,Not a barrier,Not a barrier,Yes
y1m7y5,2023-10-08T07:15:21Z,2023-10-08T07:16:37Z,I have written a few lines now and again.,I have written a few lines now and again.,I wouldn’t know where to start.,In a spreadsheet-based format (e.g MS Excel xlsx or Google Sheets),I use LLMs occasionally for specific tasks when needed (e.g once a week).,NGO (non-governmental organisation),A barrier,Not a barrier,Not a barrier,Not a barrier,Not a barrier,Yes
m5o2m4,2023-10-05T13:45:37Z,2023-10-05T13:46:29Z,I have written programs for my own use that are a couple of pages long.,I have written a few lines now and again.,I could struggle through by trial and error with a lot of web searches.,"In machine readible files (e.g. CSV, JSON)",I have not used any LLMs for completing tasks.,NGO (non-governmental organisation),Not a barrier,Not a barrier,Not a barrier,Not a barrier,Not a barrier,No
w7y4w3,2023-10-05T19:26:02Z,2023-10-24T22:29:59Z,I have none.,I have none.,I wouldn’t know where to start.,In a spreadsheet-based format (e.g MS Excel xlsx or Google Sheets),I have not used any LLMs for completing tasks.,Government,I don't know,Not a barrier,A barrier,Not a barrier,Not a barrier,Maybe
x8l7x8,2023-10-08T09:46:39Z,2023-10-08T09:49:23Z,I have written a few lines now and again.,I have none.,I could do it quickly with no use of external help.,In a spreadsheet-based format (e.g MS Excel xlsx or Google Sheets),I regularly use LLMs for various tasks to improve efficiency (e.g. once a day).,Academia,Not a barrier,Not a barrier,Not a barrier,Not a barrier,Not a barrier,Maybe
w8e6w9,2023-10-14T16:12:05Z,2023-10-14T16:13:39Z,I have written a few lines now and again.,I have none.,I could struggle through by trial and error with a lot of web searches.,In a spreadsheet-based format (e.g MS Excel xlsx or Google Sheets),I have not used any LLMs for completing tasks.,Government,Not a barrier,Not a barrier,I don't know,Not a barrier,Not a barrier,No
m1r9m5,2023-10-09T19:12:37Z,2023-10-09T19:14:49Z,I have written a few lines now and again.,I have written a few lines now and again.,I could do it quickly with external help.,In a spreadsheet-based format (e.g MS Excel xlsx or Google Sheets),I use LLMs occasionally for specific tasks when needed (e.g once a week).,Academia,Not a barrier,Not a barrier,Not a barrier,Not a barrier,Not a barrier,Maybe
g9e6g2,2023-10-11T06:05:25Z,2023-10-24T16:19:36Z,I have written a few lines now and again.,I have written a few lines now and again.,I could do it quickly with external help.,"In machine readible files (e.g. CSV, JSON)",I have not used any LLMs for completing tasks.,Academia,Not a barrier,Not a barrier,Not a barrier,Not a barrier,Not a barrier,Maybe
c3o2c8,2023-10-10T07:19:30Z,2023-10-10T07:20:37Z,I have none.,I have written a few lines now and again.,I could struggle through by trial and error with a lot of web searches.,In a spreadsheet-based format (e.g MS Excel xlsx or Google Sheets),I have not used any LLMs for completing tasks.,Academia,I don't know,Not a barrier,Not a barrier,Not a barrier,Not a barrier,No
g9m8g9,2023-10-09T09:28:05Z,2023-10-09T09:19:03Z,I have none.,I have none.,I wouldn’t know where to start.,I don't know,I use LLMs occasionally for specific tasks when needed (e.g once a week).,NGO (non-governmental organisation),Not a barrier,Not a barrier,Not a barrier,Not a barrier,Not a barrier,No
e9s8e5,2023-10-10T12:43:28Z,2023-10-24T15:45:02Z,I have none.,I have none.,I wouldn’t know where to start.,In a spreadsheet-based format (e.g MS Excel xlsx or Google Sheets),I regularly use LLMs for various tasks to improve efficiency (e.g. once a day).,NGO (non-governmental organisation),Not a barrier,I don't know,Not a barrier,Not a barrier,Not a barrier,No
i4u9i6,2023-10-05T21:35:13Z,2023-10-10T12:54:26Z,I have none.,I have none.,I could struggle through by trial and error with a lot of web searches.,In physical notebooks on paper,I have not used any LLMs for completing tasks.,Government,Not a barrier,Not a barrier,A barrier,A barrier,Not a barrier,Maybe
v4l7v1,2023-10-05T11:08:44Z,2023-10-05T11:09:32Z,I have written a few lines now and again.,I have none.,I wouldn’t know where to start.,In a spreadsheet-based format (e.g MS Excel xlsx or Google Sheets),I use LLMs occasionally for specific tasks when needed (e.g once a week).,NGO (non-governmental organisation),Not a barrier,Not a barrier,A barrier,Not a barrier,Not a barrier,No
r3i4r3,2023-10-24T14:26:38Z,2023-10-24T14:27:30Z,I have written a few lines now and again.,I have written a few lines now and again.,I could do it quickly with external help.,"In machine readible files (e.g. CSV, JSON)",I regularly use LLMs for various tasks to improve efficiency (e.g. once a day).,Academia,A barrier,Not a barrier,Not a barrier,Not a barrier,Not a barrier,No
p8s8p0,2023-10-05T21:46:35Z,2023-10-05T21:48:02Z,I have written a few lines now and again.,I have none.,I could do it quickly with external help.,In a spreadsheet-based format (e.g MS Excel xlsx or Google Sheets),I have not used any LLMs for completing tasks.,Government,Not a barrier,Not a barrier,Not a barrier,Not a barrier,Not a barrier,Maybe
w9z5w6,2023-10-05T15:35:50Z,2023-10-05T15:40:03Z,I have none.,I have written a few lines now and again.,I wouldn’t know where to start.,In physical notebooks on paper,I have not used any LLMs for completing tasks.,Government,A barrier,Not a barrier,Not a barrier,Not a barrier,A barrier,Yes
j9w5j7,2023-10-09T15:03:03Z,2023-10-09T15:04:38Z,I have written a few lines now and again.,I have none.,I could do it quickly with no use of external help.,In a spreadsheet-based format (e.g MS Excel xlsx or Google Sheets),I regularly use LLMs for various tasks to improve efficiency (e.g. once a day).,Government,Not a barrier,Not a barrier,Not a barrier,Not a barrier,Not a barrier,No
t6r2t0,2023-10-07T20:49:11Z,2023-10-07T20:51:04Z,I have none.,I have none.,I wouldn’t know where to start.,In a spreadsheet-based format (e.g MS Excel xlsx or Google Sheets),I use LLMs occasionally for specific tasks when needed (e.g once a week).,NGO (non-governmental organisation),Not a barrier,Not a barrier,Not a barrier,A barrier,Not a barrier,Maybe
i2l4i9,2023-10-05T11:50:12Z,2023-10-05T11:50:36Z,I have none.,I have written programs for my own use that are a couple of pages long.,I could do it quickly with external help.,"In machine readible files (e.g. CSV, JSON)",I have not used any LLMs for completing tasks.,Academia,A barrier,Not a barrier,Not a barrier,Not a barrier,Not a barrier,No
k3n0k0,2023-10-16T10:30:45Z,2023-10-16T10:32:34Z,I have none.,I have none.,I wouldn’t know where to start.,In physical notebooks on paper,I have not used any LLMs for completing tasks.,NGO (non-governmental organisation),Not a barrier,Not a barrier,Not a barrier,A barrier,A barrier,Maybe
y7g8y1,2023-10-09T14:31:20Z,2023-10-09T14:25:05Z,I have none.,I have none.,I wouldn’t know where to start.,In physical notebooks on paper,I have not used any LLMs for completing tasks.,Government,Not a barrier,Not a barrier,Not a barrier,Not a barrier,A barrier,Maybe
f8c1f2,2023-10-05T22:03:54Z,2023-10-05T22:05:42Z,I have none.,I have none.,I wouldn’t know where to start.,In a spreadsheet-based format (e.g MS Excel xlsx or Google Sheets),I have not used any LLMs for completing tasks.,Academia,A barrier,Not a barrier,A barrier,A barrier,Not a barrier,Maybe
j9b7j0,2023-10-04T14:09:06Z,2023-10-04T14:09:43Z,I have written a few lines now and again.,I have written a few lines now and again.,I could struggle through by trial and error with a lot of web searches.,In a relational database (e.g. an SQL Database),I have not used any LLMs for completing tasks.,Academia,Not a barrier,Not a barrier,Not a barrier,Not a barrier,Not a barrier,Yes
g1b7g6,2023-10-09T15:36:23Z,2023-10-09T15:37:00Z,I have written a few lines now and again.,I have written a few lines now and again.,I could struggle through by trial and error with a lot of web searches.,In a spreadsheet-based format (e.g MS Excel xlsx or Google Sheets),I regularly use LLMs for various tasks to improve efficiency (e.g. once a day).,NGO (non-governmental organisation),I don't know,Not a barrier,Not a barrier,A barrier,Not a barrier,Yes
h9e3h1,2023-10-12T07:07:45Z,2023-10-12T07:08:30Z,I have written a few lines now and again.,I have none.,I wouldn’t know where to start.,In a spreadsheet-based format (e.g MS Excel xlsx or Google Sheets),I have not used any LLMs for completing tasks.,NGO (non-governmental organisation),A barrier,Not a barrier,Not a barrier,Not a barrier,Not a barrier,Yes
j2n9j3,2023-10-08T00:02:54Z,2023-10-08T00:04:00Z,I have written a few lines now and again.,I have written a few lines now and again.,I could struggle through by trial and error with a lot of web searches.,I don't know,I have not used any LLMs for completing tasks.,NGO (non-governmental organisation),Not a barrier,Not a barrier,Not a barrier,Not a barrier,Not a barrier,No
r7k8r9,2023-10-09T10:48:53Z,2023-10-09T10:50:14Z,I have written a few lines now and again.,I have none.,I could struggle through by trial and error with a lot of web searches.,In a spreadsheet-based format (e.g MS Excel xlsx or Google Sheets),I rely on LLMs for completing a wide range of tasks (e.g. several times a day).,NGO (non-governmental organisation),Not a barrier,Not a barrier,A barrier,Not a barrier,Not a barrier,Maybe
i0a3i1,2023-10-11T19:36:04Z,2023-10-11T19:38:00Z,I have written a few lines now and again.,I have written a few lines now and again.,I could struggle through by trial and error with a lot of web searches.,In a spreadsheet-based format (e.g MS Excel xlsx or Google Sheets),I have not used any LLMs for completing tasks.,Academia,Not a barrier,Not a barrier,Not a barrier,Not a barrier,Not a barrier,Yes
s0f5s1,2023-10-23T20:09:46Z,2023-10-30T12:30:52Z,I have none.,I have none.,I wouldn’t know where to start.,"In machine readible files (e.g. CSV, JSON)",I have not used any LLMs for completing tasks.,Private sector,Not a barrier,Not a barrier,A barrier,Not a barrier,A barrier,Yes
g9b2g1,2023-10-17T16:08:01Z,2023-10-17T16:09:52Z,I have none.,I have none.,I wouldn’t know where to start.,"In machine readible files (e.g. CSV, JSON)",I use LLMs occasionally for specific tasks when needed (e.g once a week).,NGO (non-governmental organisation),Not a barrier,Not a barrier,Not a barrier,Not a barrier,Not a barrier,Maybe
d9r1d0,2023-10-03T17:55:43Z,2023-10-03T17:56:58Z,I have none.,I have none.,I could struggle through by trial and error with a lot of web searches.,In a spreadsheet-based format (e.g MS Excel xlsx or Google Sheets),I have not used any LLMs for completing tasks.,Academia,A barrier,Not a barrier,A barrier,A barrier,Not a barrier,Yes
y3w7y3,2023-10-09T11:47:15Z,2023-10-30T10:52:10Z,I have written a few lines now and again.,I have written a few lines now and again.,I could do it quickly with external help.,In a spreadsheet-based format (e.g MS Excel xlsx or Google Sheets),I regularly use LLMs for various tasks to improve efficiency (e.g. once a day).,NGO (non-governmental organisation),A barrier,Not a barrier,Not a barrier,Not a barrier,Not a barrier,Maybe
y0t5y8,2023-10-14T09:05:22Z,2023-10-14T09:06:15Z,I have none.,I have none.,I wouldn’t know where to start.,In a spreadsheet-based format (e.g MS Excel xlsx or Google Sheets),I have not used any LLMs for completing tasks.,NGO (non-governmental organisation),Not a barrier,A barrier,A barrier,Not a barrier,I don't know,Yes
d8g8d0,2023-10-04T18:14:16Z,2023-10-05T09:35:13Z,I have written a few lines now and again.,I have written a few lines now and again.,I could struggle through by trial and error with a lot of web searches.,In a spreadsheet-based format (e.g MS Excel xlsx or Google Sheets),I use LLMs occasionally for specific tasks when needed (e.g once a week).,NGO (non-governmental organisation),Not a barrier,Not a barrier,Not a barrier,Not a barrier,Not a barrier,Yes
a9e9a8,2023-10-11T08:50:05Z,2023-10-11T08:50:59Z,I have none.,I have none.,I wouldn’t know where to start.,In a spreadsheet-based format (e.g MS Excel xlsx or Google Sheets),I have not used any LLMs for completing tasks.,Academia,A barrier,Not a barrier,Not a barrier,Not a barrier,Not a barrier,Maybe
r7h4r3,2023-10-05T13:58:24Z,2023-10-05T13:58:18Z,I have written programs for my own use that are a couple of pages long.,I have written a few lines now and again.,I could struggle through by trial and error with a lot of web searches.,In a spreadsheet-based format (e.g MS Excel xlsx or Google Sheets),I rely on LLMs for completing a wide range of tasks (e.g. several times a day).,Academia,A barrier,Not a barrier,A barrier,A barrier,Not a barrier,Yes
h6g0h8,2023-10-06T08:22:46Z,2023-10-06T08:23:50Z,I have none.,I have none.,I wouldn’t know where to start.,In a spreadsheet-based format (e.g MS Excel xlsx or Google Sheets),I use LLMs occasionally for specific tasks when needed (e.g once a week).,NGO (non-governmental organisation),Not a barrier,Not a barrier,Not a barrier,Not a barrier,Not a barrier,No
m0n1m7,2023-10-15T14:35:51Z,2023-10-15T14:37:19Z,I have written a few lines now and again.,I have written programs for my own use that are a couple of pages long.,I could struggle through by trial and error with a lot of web searches.,In a spreadsheet-based format (e.g MS Excel xlsx or Google Sheets),I use LLMs occasionally for specific tasks when needed (e.g once a week).,Government,Not a barrier,Not a barrier,Not a barrier,Not a barrier,Not a barrier,Maybe
n8g3n2,2023-10-23T10:11:39Z,2023-10-23T10:12:43Z,I have written a few lines now and again.,I have none.,I could struggle through by trial and error with a lot of web searches.,In a spreadsheet-based format (e.g MS Excel xlsx or Google Sheets),I have not used any LLMs for completing tasks.,NGO (non-governmental organisation),Not a barrier,Not a barrier,A barrier,Not a barrier,A barrier,Maybe
c6m9c4,2023-10-08T17:32:07Z,2023-10-08T17:09:56Z,I have written a few lines now and again.,I have none.,I wouldn’t know where to start.,In a spreadsheet-based format (e.g MS Excel xlsx or Google Sheets),I have not used any LLMs for completing tasks.,Independent consultant,Not a barrier,Not a barrier,Not a barrier,Not a barrier,Not a barrier,Yes
c1k7c9,2023-10-13T15:42:43Z,2023-10-13T15:43:53Z,I have written a few lines now and again.,I have written a few lines now and again.,I could do it quickly with external help.,"In machine readible files (e.g. CSV, JSON)",I have not used any LLMs for completing tasks.,Academia,Not a barrier,Not a barrier,Not a barrier,A barrier,Not a barrier,No
f4e6f6,2023-10-26T16:09:06Z,2023-10-26T16:10:12Z,I have written a few lines now and again.,I have written a few lines now and again.,I could struggle through by trial and error with a lot of web searches.,In a spreadsheet-based format (e.g MS Excel xlsx or Google Sheets),I use LLMs occasionally for specific tasks when needed (e.g once a week).,Academia,A barrier,I don't know,Not a barrier,Not a barrier,Not a barrier,Maybe
l5n4l8,2023-10-25T18:10:36Z,2023-10-25T18:11:45Z,I have written a few lines now and again.,I have written a few lines now and again.,I could struggle through by trial and error with a lot of web searches.,"In machine readible files (e.g. CSV, JSON)",I have not used any LLMs for completing tasks.,Private sector,Not a barrier,Not a barrier,Not a barrier,Not a barrier,Not a barrier,Maybe
e6v7e3,2023-10-16T09:56:29Z,2023-10-16T10:04:19Z,I have none.,I have written a few lines now and again.,I could struggle through by trial and error with a lot of web searches.,In a spreadsheet-based format (e.g MS Excel xlsx or Google Sheets),I use LLMs occasionally for specific tasks when needed (e.g once a week).,Academia,Not a barrier,Not a barrier,Not a barrier,Not a barrier,Not a barrier,Yes
h0r3h4,2023-10-13T16:04:15Z,NA,I have written a few lines now and again.,I have written a few lines now and again.,I could struggle through by trial and error with a lot of web searches.,In a spreadsheet-based format (e.g MS Excel xlsx or Google Sheets),I use LLMs occasionally for specific tasks when needed (e.g once a week).,Academia,Not a barrier,I don't know,Not a barrier,Not a barrier,Not a barrier,Maybe
r0z2r4,2023-10-05T12:32:32Z,2023-10-05T12:34:18Z,I have none.,I have written a few lines now and again.,I could do it quickly with external help.,"In machine readible files (e.g. CSV, JSON)",I have not used any LLMs for completing tasks.,Academia,Not a barrier,Not a barrier,Not a barrier,Not a barrier,Not a barrier,Maybe
a7m5a4,2023-10-11T13:41:29Z,2023-10-11T13:43:47Z,I have written a few lines now and again.,I have none.,I wouldn’t know where to start.,In a spreadsheet-based format (e.g MS Excel xlsx or Google Sheets),I rely on LLMs for completing a wide range of tasks (e.g. several times a day).,Independent consultant,Not a barrier,Not a barrier,Not a barrier,Not a barrier,Not a barrier,No
s6n1s4,2023-10-12T22:54:29Z,2023-10-12T22:55:14Z,I have written programs for my own use that are a couple of pages long.,I have written a few lines now and again.,I could do it quickly with external help.,"In machine readible files (e.g. CSV, JSON)",I have not used any LLMs for completing tasks.,Private sector,Not a barrier,Not a barrier,Not a barrier,Not a barrier,Not a barrier,No
t8g8t4,2023-10-16T21:30:18Z,2023-10-16T21:32:18Z,I have none.,I have none.,I wouldn’t know where to start.,In a spreadsheet-based format (e.g MS Excel xlsx or Google Sheets),I have not used any LLMs for completing tasks.,NGO (non-governmental organisation),Not a barrier,I don't know,Not a barrier,Not a barrier,Not a barrier,Yes
x0h7x8,2023-10-20T00:18:46Z,2023-10-20T00:19:36Z,I have none.,I have none.,I wouldn’t know where to start.,In a spreadsheet-based format (e.g MS Excel xlsx or Google Sheets),I have not used any LLMs for completing tasks.,Academia,Not a barrier,Not a barrier,A barrier,A barrier,Not a barrier,No
f8c1f2,2023-10-02T18:07:27Z,2023-10-02T18:08:05Z,I have none.,I have none.,I wouldn’t know where to start.,I don't know,I have not used any LLMs for completing tasks.,Academia,Not a barrier,Not a barrier,I don't know,Not a barrier,Not a barrier,Maybe
u6i7u5,2023-10-27T16:54:56Z,2023-10-27T16:56:28Z,I have written a few lines now and again.,I have none.,I could do it quickly with external help.,In physical notebooks on paper,I have not used any LLMs for completing tasks.,Academia,A barrier,Not a barrier,Not a barrier,Not a barrier,Not a barrier,No
b6j8b7,2023-10-17T06:57:43Z,2023-10-17T06:58:17Z,I have written programs for my own use that are a couple of pages long.,I have written programs for my own use that are a couple of pages long.,I could do it quickly with external help.,In a spreadsheet-based format (e.g MS Excel xlsx or Google Sheets),I regularly use LLMs for various tasks to improve efficiency (e.g. once a day).,NGO (non-governmental organisation),Not a barrier,Not a barrier,Not a barrier,Not a barrier,Not a barrier,Maybe
p3d4p0,2023-10-08T08:26:49Z,2023-10-08T08:27:43Z,I have written a few lines now and again.,I have written a few lines now and again.,I could do it quickly with external help.,In a spreadsheet-based format (e.g MS Excel xlsx or Google Sheets),I use LLMs occasionally for specific tasks when needed (e.g once a week).,NGO (non-governmental organisation),Not a barrier,Not a barrier,Not a barrier,Not a barrier,Not a barrier,No
f8c1f2,2023-10-18T09:56:45Z,2023-10-18T09:57:54Z,I have written a few lines now and again.,I have written a few lines now and again.,I could struggle through by trial and error with a lot of web searches.,In a spreadsheet-based format (e.g MS Excel xlsx or Google Sheets),I use LLMs occasionally for specific tasks when needed (e.g once a week).,NGO (non-governmental organisation),Not a barrier,Not a barrier,Not a barrier,Not a barrier,Not a barrier,Maybe
o8z5o1,2023-10-11T13:07:46Z,2023-10-11T13:08:36Z,I have none.,I have none.,I could do it quickly with external help.,In a spreadsheet-based format (e.g MS Excel xlsx or Google Sheets),I use LLMs occasionally for specific tasks when needed (e.g once a week).,NGO (non-governmental organisation),Not a barrier,Not a barrier,Not a barrier,Not a barrier,Not a barrier,No
y7c3y6,2023-10-05T05:43:23Z,2023-10-05T05:43:49Z,I have written a few lines now and again.,I have written a few lines now and again.,I could struggle through by trial and error with a lot of web searches.,In a spreadsheet-based format (e.g MS Excel xlsx or Google Sheets),I use LLMs occasionally for specific tasks when needed (e.g once a week).,Academia,A barrier,Not a barrier,Not a barrier,Not a barrier,Not a barrier,Yes
s2f2s4,2023-10-09T16:58:03Z,2023-10-24T16:29:15Z,I have written a few lines now and again.,I have written a few lines now and again.,I could struggle through by trial and error with a lot of web searches.,In physical notebooks on paper,I have not used any LLMs for completing tasks.,Government,Not a barrier,Not a barrier,Not a barrier,Not a barrier,Not a barrier,Maybe
f8c1f2,2023-10-06T09:17:09Z,2023-10-06T09:18:56Z,I have written programs for my own use that are a couple of pages long.,I have none.,I wouldn’t know where to start.,In a spreadsheet-based format (e.g MS Excel xlsx or Google Sheets),I use LLMs occasionally for specific tasks when needed (e.g once a week).,NGO (non-governmental organisation),Not a barrier,Not a barrier,Not a barrier,Not a barrier,Not a barrier,No
q6s7q9,2023-10-08T00:12:35Z,2023-10-08T00:17:15Z,I have written a few lines now and again.,I have none.,I could struggle through by trial and error with a lot of web searches.,In a spreadsheet-based format (e.g MS Excel xlsx or Google Sheets),I use LLMs occasionally for specific tasks when needed (e.g once a week).,Government,Not a barrier,I don't know,Not a barrier,Not a barrier,Not a barrier,Maybe
i7a5i6,2023-10-17T17:30:23Z,2023-10-17T17:33:00Z,I have written a few lines now and again.,I have none.,I could struggle through by trial and error with a lot of web searches.,In a spreadsheet-based format (e.g MS Excel xlsx or Google Sheets),I have not used any LLMs for completing tasks.,Academia,A barrier,Not a barrier,Not a barrier,Not a barrier,Not a barrier,Maybe
n2u0n9,2023-10-26T22:17:49Z,2023-10-26T22:18:22Z,I have written a few lines now and again.,I have written a few lines now and again.,I could do it quickly with external help.,In a spreadsheet-based format (e.g MS Excel xlsx or Google Sheets),I use LLMs occasionally for specific tasks when needed (e.g once a week).,Academia,A barrier,Not a barrier,Not a barrier,Not a barrier,Not a barrier,Maybe
v7x1v6,2023-10-13T15:49:32Z,2023-10-19T12:07:46Z,I have written a few lines now and again.,I have written a few lines now and again.,I could struggle through by trial and error with a lot of web searches.,In a spreadsheet-based format (e.g MS Excel xlsx or Google Sheets),I use LLMs occasionally for specific tasks when needed (e.g once a week).,Independent consultant,Not a barrier,Not a barrier,Not a barrier,Not a barrier,Not a barrier,No
s2f2s4,2023-10-24T16:28:27Z,2023-10-24T16:29:15Z,I have written a few lines now and again.,I have written a few lines now and again.,I could do it quickly with external help.,In a spreadsheet-based format (e.g MS Excel xlsx or Google Sheets),I have not used any LLMs for completing tasks.,Government,Not a barrier,Not a barrier,Not a barrier,Not a barrier,Not a barrier,Maybe
f8c1f2,2023-10-25T02:05:26Z,2023-10-25T02:06:37Z,I have none.,I have written a few lines now and again.,I wouldn’t know where to start.,I don't know,I have not used any LLMs for completing tasks.,Academia,Not a barrier,Not a barrier,A barrier,Not a barrier,Not a barrier,Maybe
r1u7r4,2023-10-25T06:33:21Z,2023-10-25T06:34:57Z,I have written a few lines now and again.,I have written a few lines now and again.,I could struggle through by trial and error with a lot of web searches.,In a spreadsheet-based format (e.g MS Excel xlsx or Google Sheets),I regularly use LLMs for various tasks to improve efficiency (e.g. once a day).,NGO (non-governmental organisation),A barrier,Not a barrier,A barrier,A barrier,Not a barrier,Maybe
f8c1f2,2023-10-05T19:52:47Z,2023-10-05T19:53:48Z,I have none.,I have none.,I wouldn’t know where to start.,In a spreadsheet-based format (e.g MS Excel xlsx or Google Sheets),I have not used any LLMs for completing tasks.,NGO (non-governmental organisation),Not a barrier,Not a barrier,Not a barrier,Not a barrier,Not a barrier,Yes
t1z1t8,2023-10-06T18:33:05Z,2023-10-07T18:44:09Z,I have written programs for my own use that are a couple of pages long.,I have written programs for my own use that are a couple of pages long.,I could do it quickly with external help.,"In machine readible files (e.g. CSV, JSON)",I regularly use LLMs for various tasks to improve efficiency (e.g. once a day).,NGO (non-governmental organisation),Not a barrier,Not a barrier,Not a barrier,Not a barrier,Not a barrier,No
r5s4r9,2023-10-05T16:19:05Z,2023-10-05T16:19:46Z,I have written a few lines now and again.,I have none.,I could struggle through by trial and error with a lot of web searches.,"In machine readible files (e.g. CSV, JSON)",I use LLMs occasionally for specific tasks when needed (e.g once a week).,Independent consultant,Not a barrier,Not a barrier,Not a barrier,Not a barrier,Not a barrier,Yes
a0n1a2,2023-10-14T14:32:18Z,2023-10-14T14:33:40Z,I have none.,I have none.,I wouldn’t know where to start.,In a spreadsheet-based format (e.g MS Excel xlsx or Google Sheets),I use LLMs occasionally for specific tasks when needed (e.g once a week).,Government,Not a barrier,Not a barrier,A barrier,Not a barrier,Not a barrier,Maybe
j2c6j5,2023-10-16T08:26:44Z,2023-10-16T08:27:17Z,I have written a few lines now and again.,I have written a few lines now and again.,I could struggle through by trial and error with a lot of web searches.,In a spreadsheet-based format (e.g MS Excel xlsx or Google Sheets),I have not used any LLMs for completing tasks.,NGO (non-governmental organisation),Not a barrier,Not a barrier,Not a barrier,Not a barrier,Not a barrier,No
m8d4m6,2023-10-17T05:47:27Z,2023-10-17T05:48:26Z,I have written a few lines now and again.,I have written a few lines now and again.,I could struggle through by trial and error with a lot of web searches.,In a spreadsheet-based format (e.g MS Excel xlsx or Google Sheets),I have not used any LLMs for completing tasks.,NGO (non-governmental organisation),Not a barrier,Not a barrier,Not a barrier,Not a barrier,Not a barrier,No
o6x3o9,2023-10-20T19:36:14Z,2023-10-20T19:36:59Z,I have written a few lines now and again.,I have written a few lines now and again.,I could struggle through by trial and error with a lot of web searches.,In physical notebooks on paper,I regularly use LLMs for various tasks to improve efficiency (e.g. once a day).,Academia,A barrier,Not a barrier,Not a barrier,Not a barrier,Not a barrier,No
e6d7e6,2023-10-13T08:58:24Z,2023-10-13T09:02:53Z,I have written a few lines now and again.,I have written a few lines now and again.,I could struggle through by trial and error with a lot of web searches.,In a spreadsheet-based format (e.g MS Excel xlsx or Google Sheets),I use LLMs occasionally for specific tasks when needed (e.g once a week).,Independent consultant,I don't know,Not a barrier,Not a barrier,Not a barrier,Not a barrier,Maybe
k6u0k6,2023-10-14T06:44:52Z,2023-10-14T06:45:28Z,I have none.,I have none.,I could struggle through by trial and error with a lot of web searches.,I don't know,I have not used any LLMs for completing tasks.,Private sector,I don't know,A barrier,Not a barrier,Not a barrier,Not a barrier,No
n7x6n1,2023-10-03T15:18:00Z,2023-10-04T06:52:19Z,I have none.,I have none.,I could struggle through by trial and error with a lot of web searches.,In a spreadsheet-based format (e.g MS Excel xlsx or Google Sheets),I have not used any LLMs for completing tasks.,Academia,I don't know,Not a barrier,Not a barrier,Not a barrier,Not a barrier,No
y0c6y5,2023-10-25T01:27:56Z,NA,I have written programs for my own use that are a couple of pages long.,I have written a few lines now and again.,I could do it quickly with no use of external help.,In a spreadsheet-based format (e.g MS Excel xlsx or Google Sheets),I use LLMs occasionally for specific tasks when needed (e.g once a week).,Private sector,Not a barrier,Not a barrier,Not a barrier,Not a barrier,Not a barrier,Yes
h3d8h0,2023-10-19T11:00:46Z,2023-10-19T11:02:37Z,I have written a few lines now and again.,I have written programs for my own use that are a couple of pages long.,I could do it quickly with external help.,In a spreadsheet-based format (e.g MS Excel xlsx or Google Sheets),I regularly use LLMs for various tasks to improve efficiency (e.g. once a day).,NGO (non-governmental organisation),Not a barrier,Not a barrier,Not a barrier,Not a barrier,Not a barrier,No
p6f9p6,2023-10-13T14:52:25Z,2023-10-13T14:53:03Z,I have written programs for my own use that are a couple of pages long.,I have none.,I could do it quickly with external help.,In a spreadsheet-based format (e.g MS Excel xlsx or Google Sheets),I have not used any LLMs for completing tasks.,Government,Not a barrier,Not a barrier,Not a barrier,Not a barrier,Not a barrier,Maybe
b5j0b6,2023-10-05T11:37:50Z,2023-10-05T11:38:19Z,I have none.,I have none.,I could struggle through by trial and error with a lot of web searches.,In a spreadsheet-based format (e.g MS Excel xlsx or Google Sheets),I use LLMs occasionally for specific tasks when needed (e.g once a week).,Academia,Not a barrier,Not a barrier,Not a barrier,Not a barrier,Not a barrier,No
x5l1x2,2023-10-16T18:04:30Z,2023-10-16T17:59:17Z,I have written a few lines now and again.,I have none.,I could struggle through by trial and error with a lot of web searches.,In a spreadsheet-based format (e.g MS Excel xlsx or Google Sheets),I have not used any LLMs for completing tasks.,Academia,A barrier,A barrier,Not a barrier,Not a barrier,Not a barrier,Yes
g1o4g3,2023-10-19T12:48:11Z,2023-10-19T12:50:03Z,I have none.,I have written a few lines now and again.,I could do it quickly with external help.,In a spreadsheet-based format (e.g MS Excel xlsx or Google Sheets),I use LLMs occasionally for specific tasks when needed (e.g once a week).,NGO (non-governmental organisation),Not a barrier,Not a barrier,Not a barrier,Not a barrier,Not a barrier,Yes
e1o5e9,2023-10-02T18:28:00Z,NA,I have none.,I have none.,I wouldn’t know where to start.,In physical notebooks on paper,I use LLMs occasionally for specific tasks when needed (e.g once a week).,Academia,A barrier,I don't know,Not a barrier,Not a barrier,Not a barrier,No
n2o5n4,2023-10-05T15:19:55Z,2023-10-05T15:20:55Z,I have none.,I have none.,I could struggle through by trial and error with a lot of web searches.,In a spreadsheet-based format (e.g MS Excel xlsx or Google Sheets),I use LLMs occasionally for specific tasks when needed (e.g once a week).,NGO (non-governmental organisation),Not a barrier,Not a barrier,Not a barrier,Not a barrier,Not a barrier,Maybe
m4j0m1,2023-10-10T11:30:14Z,2023-10-10T11:31:47Z,I have written a few lines now and again.,I have none.,I wouldn’t know where to start.,In a relational database (e.g. an SQL Database),I regularly use LLMs for various tasks to improve efficiency (e.g. once a day).,Private sector,A barrier,Not a barrier,A barrier,Not a barrier,Not a barrier,Maybe
u0c3u4,2023-10-06T14:35:59Z,NA,I have written programs for my own use that are a couple of pages long.,I have written a few lines now and again.,I could do it quickly with external help.,"In machine readible files (e.g. CSV, JSON)",I regularly use LLMs for various tasks to improve efficiency (e.g. once a day).,NGO (non-governmental organisation),Not a barrier,Not a barrier,Not a barrier,Not a barrier,Not a barrier,Yes
f4c2f6,2023-10-02T21:02:58Z,2023-10-02T21:04:08Z,I have none.,I have none.,I could struggle through by trial and error with a lot of web searches.,"Doc file, Google sheets",I use LLMs occasionally for specific tasks when needed (e.g once a week).,Academia,Not a barrier,Not a barrier,Not a barrier,Not a barrier,Not a barrier,Maybe
z4u3z1,2023-10-08T07:55:13Z,2023-10-10T07:40:51Z,I have written a few lines now and again.,I have none.,I could do it quickly with external help.,In a spreadsheet-based format (e.g MS Excel xlsx or Google Sheets),I have not used any LLMs for completing tasks.,Private sector,Not a barrier,Not a barrier,Not a barrier,Not a barrier,Not a barrier,Maybe
t0g7t7,2023-10-19T16:26:04Z,2023-10-19T16:26:50Z,I have none.,I have none.,I could struggle through by trial and error with a lot of web searches.,In a spreadsheet-based format (e.g MS Excel xlsx or Google Sheets),I have not used any LLMs for completing tasks.,Government,Not a barrier,I don't know,Not a barrier,Not a barrier,Not a barrier,No
t0f2t2,2023-10-05T16:44:47Z,2023-10-05T16:45:54Z,I have none.,I have none.,I could struggle through by trial and error with a lot of web searches.,In a spreadsheet-based format (e.g MS Excel xlsx or Google Sheets),I have not used any LLMs for completing tasks.,Independent consultant,Not a barrier,Not a barrier,Not a barrier,A barrier,Not a barrier,No
m8w4m1,2023-10-12T09:08:21Z,2023-10-12T09:09:56Z,I have none.,I have written a few lines now and again.,I could struggle through by trial and error with a lot of web searches.,In a spreadsheet-based format (e.g MS Excel xlsx or Google Sheets),I use LLMs occasionally for specific tasks when needed (e.g once a week).,Independent consultant,Not a barrier,Not a barrier,Not a barrier,Not a barrier,Not a barrier,No
v8j8v4,2023-10-23T10:43:50Z,2023-10-23T10:45:03Z,I have written and maintained larger pieces of software.,I have written and maintained larger pieces of software.,I could do it quickly with external help.,In a spreadsheet-based format (e.g MS Excel xlsx or Google Sheets),I use LLMs occasionally for specific tasks when needed (e.g once a week).,NGO (non-governmental organisation),Not a barrier,Not a barrier,Not a barrier,Not a barrier,Not a barrier,No
m7q1m0,2023-10-15T08:47:34Z,2023-10-15T08:53:23Z,I have written a few lines now and again.,I have none.,I could struggle through by trial and error with a lot of web searches.,In a spreadsheet-based format (e.g MS Excel xlsx or Google Sheets),I have not used any LLMs for completing tasks.,Government,A barrier,A barrier,Not a barrier,Not a barrier,Not a barrier,No
z0u6z9,2023-10-03T18:13:24Z,2023-10-24T15:41:21Z,I have written a few lines now and again.,I have none.,I could struggle through by trial and error with a lot of web searches.,In a spreadsheet-based format (e.g MS Excel xlsx or Google Sheets),I have not used any LLMs for completing tasks.,Independent consultant,Not a barrier,Not a barrier,Not a barrier,Not a barrier,Not a barrier,Maybe
j3i2j6,2023-10-09T12:15:01Z,2023-10-09T12:15:43Z,I have written a few lines now and again.,I have written a few lines now and again.,I could struggle through by trial and error with a lot of web searches.,In a spreadsheet-based format (e.g MS Excel xlsx or Google Sheets),I regularly use LLMs for various tasks to improve efficiency (e.g. once a day).,Independent consultant,A barrier,Not a barrier,Not a barrier,Not a barrier,Not a barrier,Maybe
g2o4g9,2023-10-12T20:27:38Z,2023-10-12T20:28:33Z,I have written programs for my own use that are a couple of pages long.,I have none.,I could do it quickly with external help.,In a spreadsheet-based format (e.g MS Excel xlsx or Google Sheets),I regularly use LLMs for various tasks to improve efficiency (e.g. once a day).,NGO (non-governmental organisation),Not a barrier,Not a barrier,Not a barrier,Not a barrier,A barrier,Yes
e5i6e5,2023-10-03T10:03:38Z,NA,I have none.,I have none.,I could do it quickly with external help.,In physical notebooks on paper,I have not used any LLMs for completing tasks.,NGO (non-governmental organisation),I don't know,Not a barrier,Not a barrier,Not a barrier,Not a barrier,Yes
j9g1j0,2023-10-30T10:43:01Z,2023-10-30T10:43:50Z,I have written a few lines now and again.,I have written programs for my own use that are a couple of pages long.,I could struggle through by trial and error with a lot of web searches.,In a spreadsheet-based format (e.g MS Excel xlsx or Google Sheets),I use LLMs occasionally for specific tasks when needed (e.g once a week).,Academia,Not a barrier,Not a barrier,Not a barrier,Not a barrier,Not a barrier,Yes
t0b2t7,2023-10-25T10:47:03Z,2023-10-16T09:22:27Z,I have none.,I have none.,I could struggle through by trial and error with a lot of web searches.,In a spreadsheet-based format (e.g MS Excel xlsx or Google Sheets),I use LLMs occasionally for specific tasks when needed (e.g once a week).,NGO (non-governmental organisation),A barrier,Not a barrier,A barrier,Not a barrier,Not a barrier,No
f8c1f2,2023-10-13T11:54:00Z,2023-10-13T11:55:21Z,I have written a few lines now and again.,I have none.,I could struggle through by trial and error with a lot of web searches.,"In machine readible files (e.g. CSV, JSON)",I have not used any LLMs for completing tasks.,Academia,Not a barrier,Not a barrier,Not a barrier,Not a barrier,Not a barrier,No
y2p2y0,2023-10-04T21:57:42Z,2023-10-04T21:58:13Z,I have written a few lines now and again.,I have none.,I could struggle through by trial and error with a lot of web searches.,In a relational database (e.g. an SQL Database),I have not used any LLMs for completing tasks.,NGO (non-governmental organisation),A barrier,I don't know,Not a barrier,Not a barrier,Not a barrier,Maybe
h7j1h0,2023-10-02T19:59:23Z,2023-10-02T19:59:56Z,I have written and maintained larger pieces of software.,I have none.,I could do it quickly with external help.,In a spreadsheet-based format (e.g MS Excel xlsx or Google Sheets),I have not used any LLMs for completing tasks.,Independent consultant,Not a barrier,Not a barrier,Not a barrier,Not a barrier,Not a barrier,Yes
y4d9y9,2023-10-15T01:41:32Z,2023-10-15T01:42:39Z,I have none.,I have none.,I wouldn’t know where to start.,In a spreadsheet-based format (e.g MS Excel xlsx or Google Sheets),I have not used any LLMs for completing tasks.,NGO (non-governmental organisation),A barrier,I don't know,A barrier,Not a barrier,Not a barrier,No
f0p9f0,2023-10-17T05:30:09Z,2023-10-17T05:31:37Z,I have written a few lines now and again.,I have written a few lines now and again.,I could do it quickly with external help.,In a spreadsheet-based format (e.g MS Excel xlsx or Google Sheets),I use LLMs occasionally for specific tasks when needed (e.g once a week).,NGO (non-governmental organisation),Not a barrier,Not a barrier,Not a barrier,Not a barrier,Not a barrier,Yes
f8c1f2,2023-10-09T06:47:54Z,2023-10-09T06:48:39Z,I have written a few lines now and again.,I have written a few lines now and again.,I wouldn’t know where to start.,In a relational database (e.g. an SQL Database),I have not used any LLMs for completing tasks.,NGO (non-governmental organisation),Not a barrier,Not a barrier,Not a barrier,Not a barrier,Not a barrier,Maybe
j7g2j3,2023-10-06T08:39:24Z,2023-10-06T08:42:10Z,I have written programs for my own use that are a couple of pages long.,I have written programs for my own use that are a couple of pages long.,I could struggle through by trial and error with a lot of web searches.,Stata,I have not used any LLMs for completing tasks.,Academia,Not a barrier,Not a barrier,Not a barrier,Not a barrier,Not a barrier,No
r5k8r3,2023-10-29T18:44:28Z,2023-10-29T18:45:29Z,I have written a few lines now and again.,I have written a few lines now and again.,I could do it quickly with no use of external help.,"In machine readible files (e.g. CSV, JSON)",I have not used any LLMs for completing tasks.,Academia,Not a barrier,I don't know,Not a barrier,Not a barrier,Not a barrier,Yes
m8i0m0,2023-10-06T06:07:50Z,2023-10-06T06:10:06Z,I have written a few lines now and again.,I have written a few lines now and again.,I wouldn’t know where to start.,In a spreadsheet-based format (e.g MS Excel xlsx or Google Sheets),I use LLMs occasionally for specific tasks when needed (e.g once a week).,Academia,Not a barrier,Not a barrier,Not a barrier,Not a barrier,Not a barrier,No
e5q1e6,2023-10-25T08:28:32Z,2023-10-02T18:02:10Z,I have written a few lines now and again.,I have none.,I wouldn’t know where to start.,In a spreadsheet-based format (e.g MS Excel xlsx or Google Sheets),I use LLMs occasionally for specific tasks when needed (e.g once a week).,Academia,Not a barrier,Not a barrier,Not a barrier,Not a barrier,Not a barrier,No
r1a0r1,2023-10-06T13:02:50Z,2023-10-06T13:03:40Z,I have written a few lines now and again.,I have none.,I could struggle through by trial and error with a lot of web searches.,In a spreadsheet-based format (e.g MS Excel xlsx or Google Sheets),I use LLMs occasionally for specific tasks when needed (e.g once a week).,NGO (non-governmental organisation),Not a barrier,I don't know,Not a barrier,Not a barrier,A barrier,Maybe
m0o0m8,2023-10-17T07:08:42Z,2023-10-17T07:09:22Z,I have written a few lines now and again.,I have written a few lines now and again.,I could struggle through by trial and error with a lot of web searches.,"In machine readible files (e.g. CSV, JSON)",I use LLMs occasionally for specific tasks when needed (e.g once a week).,NGO (non-governmental organisation),A barrier,Not a barrier,Not a barrier,Not a barrier,Not a barrier,No
r4m9r7,2023-10-18T09:25:15Z,2023-10-18T09:26:45Z,I have none.,I have none.,I wouldn’t know where to start.,In a spreadsheet-based format (e.g MS Excel xlsx or Google Sheets),I have not used any LLMs for completing tasks.,Government,I don't know,Not a barrier,I don't know,Not a barrier,Not a barrier,Maybe
o3v8o0,2023-10-18T05:25:21Z,2023-10-18T05:25:58Z,I have written a few lines now and again.,I have written a few lines now and again.,I wouldn’t know where to start.,In a spreadsheet-based format (e.g MS Excel xlsx or Google Sheets),I have not used any LLMs for completing tasks.,NGO (non-governmental organisation),Not a barrier,Not a barrier,Not a barrier,A barrier,Not a barrier,Yes
r9j3r1,2023-10-09T03:15:31Z,2023-10-09T03:16:53Z,I have written programs for my own use that are a couple of pages long.,I have written a few lines now and again.,I could do it quickly with no use of external help.,"In machine readible files (e.g. CSV, JSON)",I use LLMs occasionally for specific tasks when needed (e.g once a week).,Academia,Not a barrier,Not a barrier,Not a barrier,Not a barrier,Not a barrier,Maybe
a0b1a9,2023-10-04T06:11:19Z,2023-10-04T06:12:37Z,I have none.,I have none.,I wouldn’t know where to start.,In a spreadsheet-based format (e.g MS Excel xlsx or Google Sheets),I have not used any LLMs for completing tasks.,NGO (non-governmental organisation),A barrier,Not a barrier,Not a barrier,Not a barrier,Not a barrier,No
g8j8g0,2023-10-06T13:38:08Z,2023-10-06T13:39:25Z,I have written a few lines now and again.,I have written a few lines now and again.,I could struggle through by trial and error with a lot of web searches.,"In machine readible files (e.g. CSV, JSON)",I use LLMs occasionally for specific tasks when needed (e.g once a week).,NGO (non-governmental organisation),Not a barrier,Not a barrier,Not a barrier,Not a barrier,Not a barrier,Yes
y1o0y1,2023-10-06T05:31:26Z,2023-10-06T05:31:58Z,I have written a few lines now and again.,I have none.,I could struggle through by trial and error with a lot of web searches.,In a spreadsheet-based format (e.g MS Excel xlsx or Google Sheets),I use LLMs occasionally for specific tasks when needed (e.g once a week).,Academia,A barrier,Not a barrier,A barrier,Not a barrier,Not a barrier,Maybe
y3u9y9,2023-10-06T00:45:22Z,2023-10-06T00:55:29Z,I have none.,I have written a few lines now and again.,I could struggle through by trial and error with a lot of web searches.,In a spreadsheet-based format (e.g MS Excel xlsx or Google Sheets),I use LLMs occasionally for specific tasks when needed (e.g once a week).,Academia,I don't know,I don't know,I don't know,Not a barrier,Not a barrier,No
j3t2j1,2023-10-05T17:52:06Z,2023-10-05T17:52:32Z,I have none.,I have none.,I wouldn’t know where to start.,In a spreadsheet-based format (e.g MS Excel xlsx or Google Sheets),I use LLMs occasionally for specific tasks when needed (e.g once a week).,Independent consultant,I don't know,Not a barrier,Not a barrier,Not a barrier,Not a barrier,Maybe
v6d2v8,2023-10-08T06:57:48Z,2023-10-08T06:59:10Z,I have none.,I have none.,I wouldn’t know where to start.,I don't know,I have not used any LLMs for completing tasks.,Independent consultant,A barrier,I don't know,A barrier,A barrier,Not a barrier,No
a6g1a0,2023-10-08T14:12:59Z,2023-10-08T14:13:58Z,I have none.,I have none.,I wouldn’t know where to start.,In physical notebooks on paper,I use LLMs occasionally for specific tasks when needed (e.g once a week).,Academia,A barrier,I don't know,Not a barrier,Not a barrier,Not a barrier,No
j4w2j1,2023-10-16T17:45:07Z,2023-10-16T17:45:58Z,I have written a few lines now and again.,I have none.,I could struggle through by trial and error with a lot of web searches.,In a relational database (e.g. an SQL Database),I use LLMs occasionally for specific tasks when needed (e.g once a week).,NGO (non-governmental organisation),A barrier,A barrier,Not a barrier,Not a barrier,Not a barrier,Maybe
n5t1n6,2023-10-11T20:55:04Z,2023-10-11T20:55:54Z,I have written a few lines now and again.,I have written a few lines now and again.,I wouldn’t know where to start.,In a spreadsheet-based format (e.g MS Excel xlsx or Google Sheets),I use LLMs occasionally for specific tasks when needed (e.g once a week).,Independent consultant,A barrier,I don't know,Not a barrier,Not a barrier,Not a barrier,No
v5b5v8,2023-10-07T11:54:19Z,2023-10-07T11:57:03Z,I have none.,I have none.,I wouldn’t know where to start.,In a spreadsheet-based format (e.g MS Excel xlsx or Google Sheets),I have not used any LLMs for completing tasks.,Academia,A barrier,Not a barrier,Not a barrier,Not a barrier,Not a barrier,Maybe
d8x9d6,2023-10-06T15:23:26Z,2023-10-06T15:23:59Z,I have written a few lines now and again.,I have written a few lines now and again.,I could struggle through by trial and error with a lot of web searches.,In a spreadsheet-based format (e.g MS Excel xlsx or Google Sheets),I have not used any LLMs for completing tasks.,NGO (non-governmental organisation),Not a barrier,Not a barrier,Not a barrier,Not a barrier,Not a barrier,Maybe
g8m1g9,2023-10-18T22:55:17Z,2023-10-18T22:57:21Z,I have written a few lines now and again.,I have none.,I wouldn’t know where to start.,In a spreadsheet-based format (e.g MS Excel xlsx or Google Sheets),I use LLMs occasionally for specific tasks when needed (e.g once a week).,Academia,Not a barrier,Not a barrier,Not a barrier,Not a barrier,Not a barrier,No
x0c8x0,2023-10-21T17:47:10Z,2023-10-30T10:37:34Z,I have written a few lines now and again.,I have written a few lines now and again.,I could struggle through by trial and error with a lot of web searches.,In a spreadsheet-based format (e.g MS Excel xlsx or Google Sheets),I regularly use LLMs for various tasks to improve efficiency (e.g. once a day).,NGO (non-governmental organisation),I don't know,Not a barrier,Not a barrier,Not a barrier,Not a barrier,Yes
b5o2b2,2023-10-13T05:25:19Z,2023-10-13T05:25:56Z,I have none.,I have none.,I wouldn’t know where to start.,In a spreadsheet-based format (e.g MS Excel xlsx or Google Sheets),I use LLMs occasionally for specific tasks when needed (e.g once a week).,Independent consultant,A barrier,Not a barrier,Not a barrier,Not a barrier,Not a barrier,Maybe
a2v4a8,2023-10-08T16:20:20Z,2023-10-08T16:21:21Z,I have none.,I have none.,I wouldn’t know where to start.,In a spreadsheet-based format (e.g MS Excel xlsx or Google Sheets),I have not used any LLMs for completing tasks.,NGO (non-governmental organisation),Not a barrier,Not a barrier,I don't know,Not a barrier,Not a barrier,Maybe
w3g2w8,2023-10-08T14:02:42Z,2023-10-08T14:03:49Z,I have none.,I have none.,I could do it quickly with external help.,In a relational database (e.g. an SQL Database),I have not used any LLMs for completing tasks.,NGO (non-governmental organisation),Not a barrier,Not a barrier,Not a barrier,Not a barrier,Not a barrier,No
m8u9m0,2023-10-06T10:45:15Z,2023-10-06T10:45:57Z,I have written programs for my own use that are a couple of pages long.,I have written programs for my own use that are a couple of pages long.,I could do it quickly with no use of external help.,"In machine readible files (e.g. CSV, JSON)",I have not used any LLMs for completing tasks.,Academia,Not a barrier,Not a barrier,Not a barrier,Not a barrier,Not a barrier,Maybe
j3y1j9,2023-10-09T11:37:17Z,2023-10-09T11:37:42Z,I have written programs for my own use that are a couple of pages long.,I have written and maintained larger pieces of software.,I could struggle through by trial and error with a lot of web searches.,In a spreadsheet-based format (e.g MS Excel xlsx or Google Sheets),I use LLMs occasionally for specific tasks when needed (e.g once a week).,NGO (non-governmental organisation),I don't know,Not a barrier,Not a barrier,Not a barrier,Not a barrier,Maybe
u2n9u2,2023-10-06T16:52:58Z,2023-10-06T16:54:25Z,I have none.,I have none.,I wouldn’t know where to start.,In a spreadsheet-based format (e.g MS Excel xlsx or Google Sheets),I use LLMs occasionally for specific tasks when needed (e.g once a week).,Academia,Not a barrier,Not a barrier,Not a barrier,Not a barrier,Not a barrier,Yes
s0a5s2,2023-10-27T19:47:52Z,2023-10-27T19:50:30Z,I have none.,I have none.,I could struggle through by trial and error with a lot of web searches.,In a spreadsheet-based format (e.g MS Excel xlsx or Google Sheets),I have not used any LLMs for completing tasks.,NGO (non-governmental organisation),Not a barrier,Not a barrier,I don't know,Not a barrier,Not a barrier,No
r6c0r0,2023-10-05T10:58:06Z,2023-10-05T10:58:52Z,I have written a few lines now and again.,I have written a few lines now and again.,I could struggle through by trial and error with a lot of web searches.,In a spreadsheet-based format (e.g MS Excel xlsx or Google Sheets),I use LLMs occasionally for specific tasks when needed (e.g once a week).,Independent consultant,Not a barrier,Not a barrier,Not a barrier,Not a barrier,Not a barrier,Yes
n7x6n1,2023-10-04T06:51:44Z,2023-10-04T06:52:19Z,I have written a few lines now and again.,I have none.,I could struggle through by trial and error with a lot of web searches.,In a spreadsheet-based format (e.g MS Excel xlsx or Google Sheets),I have not used any LLMs for completing tasks.,Academia,I don't know,Not a barrier,Not a barrier,Not a barrier,Not a barrier,No
a2m9a2,2023-10-06T08:37:47Z,2023-10-06T08:38:57Z,I have none.,I have none.,I wouldn’t know where to start.,In a spreadsheet-based format (e.g MS Excel xlsx or Google Sheets),I have not used any LLMs for completing tasks.,Government,Not a barrier,Not a barrier,Not a barrier,Not a barrier,Not a barrier,Yes
v3p7v9,2023-10-03T10:09:55Z,2023-10-03T10:10:57Z,I have written a few lines now and again.,I have written a few lines now and again.,I could do it quickly with no use of external help.,In a spreadsheet-based format (e.g MS Excel xlsx or Google Sheets),I use LLMs occasionally for specific tasks when needed (e.g once a week).,Academia,I don't know,Not a barrier,Not a barrier,Not a barrier,Not a barrier,Yes
e2w8e5,2023-10-13T17:05:16Z,2023-10-13T17:05:49Z,I have written programs for my own use that are a couple of pages long.,I have written a few lines now and again.,I could do it quickly with external help.,"In machine readible files (e.g. CSV, JSON)",I have not used any LLMs for completing tasks.,Academia,I don't know,Not a barrier,Not a barrier,Not a barrier,Not a barrier,No
o9d8o8,2023-10-13T11:18:04Z,2023-10-13T11:19:26Z,I have none.,I have none.,I wouldn’t know where to start.,In a spreadsheet-based format (e.g MS Excel xlsx or Google Sheets),I rely on LLMs for completing a wide range of tasks (e.g. several times a day).,NGO (non-governmental organisation),A barrier,I don't know,Not a barrier,Not a barrier,Not a barrier,Yes
v4w0v1,2023-10-20T16:26:32Z,2023-10-20T16:27:19Z,I have none.,I have none.,I wouldn’t know where to start.,In a spreadsheet-based format (e.g MS Excel xlsx or Google Sheets),I use LLMs occasionally for specific tasks when needed (e.g once a week).,Independent consultant,Not a barrier,Not a barrier,Not a barrier,Not a barrier,Not a barrier,No
k3u5k2,2023-10-10T12:00:27Z,2023-10-10T12:03:07Z,I have written a few lines now and again.,I have written a few lines now and again.,I could do it quickly with external help.,In a spreadsheet-based format (e.g MS Excel xlsx or Google Sheets),I use LLMs occasionally for specific tasks when needed (e.g once a week).,NGO (non-governmental organisation),Not a barrier,Not a barrier,Not a barrier,Not a barrier,Not a barrier,Maybe
e5x1e1,2023-10-12T09:54:55Z,2023-10-12T09:56:56Z,I have none.,I have none.,I wouldn’t know where to start.,In a spreadsheet-based format (e.g MS Excel xlsx or Google Sheets),I have not used any LLMs for completing tasks.,Private sector,A barrier,Not a barrier,Not a barrier,Not a barrier,Not a barrier,No
f0l0f6,2023-10-23T18:26:03Z,2023-10-23T18:27:22Z,I have written a few lines now and again.,I have written a few lines now and again.,I could do it quickly with no use of external help.,"In machine readible files (e.g. CSV, JSON)",I regularly use LLMs for various tasks to improve efficiency (e.g. once a day).,Academia,Not a barrier,Not a barrier,Not a barrier,Not a barrier,Not a barrier,Maybe
l6y3l4,2023-10-03T18:47:15Z,2023-10-10T11:13:15Z,I have none.,I have written a few lines now and again.,I could struggle through by trial and error with a lot of web searches.,In a spreadsheet-based format (e.g MS Excel xlsx or Google Sheets),I use LLMs occasionally for specific tasks when needed (e.g once a week).,NGO (non-governmental organisation),Not a barrier,Not a barrier,Not a barrier,Not a barrier,Not a barrier,Yes
o1b5o6,2023-10-09T18:59:38Z,2023-10-09T19:00:19Z,I have written programs for my own use that are a couple of pages long.,I have written programs for my own use that are a couple of pages long.,I could struggle through by trial and error with a lot of web searches.,In a spreadsheet-based format (e.g MS Excel xlsx or Google Sheets),I have not used any LLMs for completing tasks.,Academia,A barrier,Not a barrier,Not a barrier,Not a barrier,Not a barrier,Maybe
t1n3t0,2023-10-08T05:23:04Z,2023-10-08T05:23:49Z,I have written a few lines now and again.,I have written a few lines now and again.,I could do it quickly with external help.,In a spreadsheet-based format (e.g MS Excel xlsx or Google Sheets),I have not used any LLMs for completing tasks.,NGO (non-governmental organisation),Not a barrier,Not a barrier,Not a barrier,Not a barrier,Not a barrier,No
e0z4e7,2023-10-10T17:29:03Z,2023-10-30T12:20:12Z,I have written programs for my own use that are a couple of pages long.,I have written a few lines now and again.,I could do it quickly with no use of external help.,In a spreadsheet-based format (e.g MS Excel xlsx or Google Sheets),I use LLMs occasionally for specific tasks when needed (e.g once a week).,Academia,A barrier,Not a barrier,Not a barrier,Not a barrier,Not a barrier,Yes
f8c1f2,2023-10-11T01:43:38Z,2023-10-11T01:44:48Z,I have written and maintained larger pieces of software.,I have none.,I could do it quickly with no use of external help.,In a relational database (e.g. an SQL Database),I have not used any LLMs for completing tasks.,NGO (non-governmental organisation),Not a barrier,Not a barrier,Not a barrier,Not a barrier,Not a barrier,Maybe
l9q2l5,2023-10-17T05:22:52Z,2023-10-17T05:23:23Z,I have none.,I have none.,I wouldn’t know where to start.,In a spreadsheet-based format (e.g MS Excel xlsx or Google Sheets),I have not used any LLMs for completing tasks.,NGO (non-governmental organisation),Not a barrier,Not a barrier,Not a barrier,Not a barrier,Not a barrier,No
s6t7s9,2023-10-02T17:09:55Z,2023-10-02T17:11:06Z,I have written a few lines now and again.,I have written a few lines now and again.,I could struggle through by trial and error with a lot of web searches.,I don't know,I use LLMs occasionally for specific tasks when needed (e.g once a week).,Independent consultant,A barrier,Not a barrier,Not a barrier,Not a barrier,Not a barrier,Yes
m7x6m9,2023-10-02T20:25:09Z,NA,I have written a few lines now and again.,I have written a few lines now and again.,I could struggle through by trial and error with a lot of web searches.,In a spreadsheet-based format (e.g MS Excel xlsx or Google Sheets),I use LLMs occasionally for specific tasks when needed (e.g once a week).,Academia,A barrier,Not a barrier,Not a barrier,Not a barrier,Not a barrier,Yes
s9i4s6,2023-10-30T02:53:00Z,2023-10-30T02:53:56Z,I have none.,I have none.,I wouldn’t know where to start.,In a spreadsheet-based format (e.g MS Excel xlsx or Google Sheets),I rely on LLMs for completing a wide range of tasks (e.g. several times a day).,Academia,I don't know,Not a barrier,Not a barrier,Not a barrier,Not a barrier,Yes
e4f0e3,2023-10-05T00:13:20Z,2023-10-05T00:14:52Z,I have written a few lines now and again.,I have written a few lines now and again.,I could do it quickly with external help.,In a spreadsheet-based format (e.g MS Excel xlsx or Google Sheets),I use LLMs occasionally for specific tasks when needed (e.g once a week).,Academia,A barrier,Not a barrier,Not a barrier,Not a barrier,Not a barrier,Maybe
q2y2q4,2023-10-13T23:48:51Z,2023-10-13T23:27:33Z,I have none.,I have none.,I wouldn’t know where to start.,I don't know,I have not used any LLMs for completing tasks.,NGO (non-governmental organisation),A barrier,Not a barrier,Not a barrier,Not a barrier,Not a barrier,No
r6d7r8,2023-10-19T12:53:55Z,2023-10-30T11:30:32Z,I have none.,I have none.,I wouldn’t know where to start.,In a spreadsheet-based format (e.g MS Excel xlsx or Google Sheets),I have not used any LLMs for completing tasks.,NGO (non-governmental organisation),A barrier,I don't know,Not a barrier,Not a barrier,Not a barrier,Maybe
f0m3f0,2023-10-09T17:46:05Z,2023-10-09T18:11:36Z,I have written a few lines now and again.,I have none.,I could struggle through by trial and error with a lot of web searches.,In physical notebooks on paper,I have not used any LLMs for completing tasks.,NGO (non-governmental organisation),A barrier,Not a barrier,Not a barrier,Not a barrier,Not a barrier,No
x4d3x8,2023-10-25T21:41:59Z,2023-10-25T21:42:26Z,I have written a few lines now and again.,I have none.,I could struggle through by trial and error with a lot of web searches.,In a spreadsheet-based format (e.g MS Excel xlsx or Google Sheets),I rely on LLMs for completing a wide range of tasks (e.g. several times a day).,Academia,Not a barrier,Not a barrier,Not a barrier,Not a barrier,Not a barrier,Yes
i1q1i5,2023-10-09T21:48:25Z,2023-10-09T21:49:23Z,I have none.,I have none.,I wouldn’t know where to start.,In a spreadsheet-based format (e.g MS Excel xlsx or Google Sheets),I have not used any LLMs for completing tasks.,NGO (non-governmental organisation),I don't know,Not a barrier,Not a barrier,Not a barrier,A barrier,No
c5x8c3,2023-10-02T21:31:20Z,2023-10-02T21:32:06Z,I have none.,I have none.,I could struggle through by trial and error with a lot of web searches.,In a spreadsheet-based format (e.g MS Excel xlsx or Google Sheets),I use LLMs occasionally for specific tasks when needed (e.g once a week).,NGO (non-governmental organisation),I don't know,Not a barrier,Not a barrier,Not a barrier,Not a barrier,Maybe
r1v2r1,2023-10-13T08:24:51Z,2023-10-13T08:25:10Z,I have written a few lines now and again.,I have none.,I could struggle through by trial and error with a lot of web searches.,In a spreadsheet-based format (e.g MS Excel xlsx or Google Sheets),I use LLMs occasionally for specific tasks when needed (e.g once a week).,Academia,A barrier,Not a barrier,Not a barrier,Not a barrier,Not a barrier,Maybe
i8n3i9,2023-10-25T22:34:54Z,2023-10-25T22:35:52Z,I have written a few lines now and again.,I have written and maintained larger pieces of software.,I could do it quickly with no use of external help.,"In machine readible files (e.g. CSV, JSON)",I rely on LLMs for completing a wide range of tasks (e.g. several times a day).,Academia,Not a barrier,Not a barrier,Not a barrier,Not a barrier,Not a barrier,Yes
d8q3d5,2023-10-06T23:23:54Z,2023-10-06T23:25:13Z,I have written a few lines now and again.,I have written a few lines now and again.,I could struggle through by trial and error with a lot of web searches.,In a spreadsheet-based format (e.g MS Excel xlsx or Google Sheets),I have not used any LLMs for completing tasks.,Academia,A barrier,I don't know,Not a barrier,Not a barrier,Not a barrier,No
a9v1a3,2023-10-09T12:39:43Z,2023-10-09T12:41:18Z,I have none.,I have none.,I wouldn’t know where to start.,In a spreadsheet-based format (e.g MS Excel xlsx or Google Sheets),I use LLMs occasionally for specific tasks when needed (e.g once a week).,Government,A barrier,I don't know,Not a barrier,Not a barrier,Not a barrier,Maybe
y4q6y6,2023-10-05T11:34:18Z,2023-10-05T11:34:39Z,I have written programs for my own use that are a couple of pages long.,I have written programs for my own use that are a couple of pages long.,I could struggle through by trial and error with a lot of web searches.,"In machine readible files (e.g. CSV, JSON)",I regularly use LLMs for various tasks to improve efficiency (e.g. once a day).,Academia,A barrier,Not a barrier,A barrier,Not a barrier,Not a barrier,Yes
r4u2r4,2023-10-08T16:37:57Z,2023-10-08T16:39:42Z,I have written a few lines now and again.,I have none.,I could struggle through by trial and error with a lot of web searches.,In a spreadsheet-based format (e.g MS Excel xlsx or Google Sheets),I have not used any LLMs for completing tasks.,Academia,A barrier,I don't know,Not a barrier,Not a barrier,Not a barrier,No
n5v2n7,2023-10-05T12:10:50Z,2023-10-05T12:11:33Z,I have written programs for my own use that are a couple of pages long.,I have written a few lines now and again.,I could do it quickly with no use of external help.,"In machine readible files (e.g. CSV, JSON)",I have not used any LLMs for completing tasks.,Academia,A barrier,Not a barrier,Not a barrier,Not a barrier,Not a barrier,Maybe
e5p6e3,2023-10-13T11:17:31Z,2023-10-13T11:18:23Z,I have none.,I have none.,I could struggle through by trial and error with a lot of web searches.,In a spreadsheet-based format (e.g MS Excel xlsx or Google Sheets),I use LLMs occasionally for specific tasks when needed (e.g once a week).,NGO (non-governmental organisation),A barrier,A barrier,Not a barrier,Not a barrier,Not a barrier,Maybe
d2g2d5,2023-10-15T19:52:37Z,2023-10-15T19:53:27Z,I have written a few lines now and again.,I have none.,I could struggle through by trial and error with a lot of web searches.,In a spreadsheet-based format (e.g MS Excel xlsx or Google Sheets),I have not used any LLMs for completing tasks.,Academia,Not a barrier,Not a barrier,Not a barrier,Not a barrier,Not a barrier,No
o0u7o7,2023-10-11T20:35:28Z,2023-10-11T20:37:38Z,I have written a few lines now and again.,I have written a few lines now and again.,I could do it quickly with external help.,In a spreadsheet-based format (e.g MS Excel xlsx or Google Sheets),I have not used any LLMs for completing tasks.,Academia,I don't know,Not a barrier,Not a barrier,Not a barrier,Not a barrier,Maybe
f2g5f9,2023-10-16T12:06:55Z,2023-10-16T12:08:22Z,I have none.,I have none.,I wouldn’t know where to start.,In a spreadsheet-based format (e.g MS Excel xlsx or Google Sheets),I use LLMs occasionally for specific tasks when needed (e.g once a week).,Academia,Not a barrier,A barrier,Not a barrier,Not a barrier,Not a barrier,No
z1n3z3,2023-10-06T04:06:58Z,2023-10-06T04:08:41Z,I have written a few lines now and again.,I have none.,I could struggle through by trial and error with a lot of web searches.,In a spreadsheet-based format (e.g MS Excel xlsx or Google Sheets),I use LLMs occasionally for specific tasks when needed (e.g once a week).,NGO (non-governmental organisation),A barrier,Not a barrier,Not a barrier,Not a barrier,Not a barrier,Yes
r6m1r1,2023-10-17T06:11:35Z,2023-10-24T21:07:01Z,I have written a few lines now and again.,I have written a few lines now and again.,I wouldn’t know where to start.,In physical notebooks on paper,I have not used any LLMs for completing tasks.,NGO (non-governmental organisation),Not a barrier,Not a barrier,Not a barrier,Not a barrier,Not a barrier,Maybe
z5u2z2,2023-10-20T13:46:52Z,2023-10-20T13:51:02Z,I have written a few lines now and again.,I have written a few lines now and again.,I could do it quickly with external help.,"In machine readible files (e.g. CSV, JSON)",I use LLMs occasionally for specific tasks when needed (e.g once a week).,Academia,Not a barrier,Not a barrier,Not a barrier,Not a barrier,Not a barrier,Maybe
c0w4c2,2023-10-08T01:04:43Z,2023-10-08T01:06:48Z,I have none.,I have none.,I wouldn’t know where to start.,In a spreadsheet-based format (e.g MS Excel xlsx or Google Sheets),I use LLMs occasionally for specific tasks when needed (e.g once a week).,NGO (non-governmental organisation),Not a barrier,Not a barrier,A barrier,Not a barrier,Not a barrier,Maybe
g3d5g2,2023-10-24T11:46:41Z,NA,I have written and maintained larger pieces of software.,I have written and maintained larger pieces of software.,I could do it quickly with no use of external help.,In a spreadsheet-based format (e.g MS Excel xlsx or Google Sheets),I use LLMs occasionally for specific tasks when needed (e.g once a week).,Independent consultant,A barrier,Not a barrier,Not a barrier,Not a barrier,Not a barrier,Yes
t6r2t0,2023-10-07T21:05:44Z,2023-10-07T20:51:04Z,I have none.,I have none.,I could struggle through by trial and error with a lot of web searches.,In a spreadsheet-based format (e.g MS Excel xlsx or Google Sheets),I use LLMs occasionally for specific tasks when needed (e.g once a week).,NGO (non-governmental organisation),Not a barrier,Not a barrier,Not a barrier,A barrier,Not a barrier,Maybe
p2x9p6,2023-10-17T19:34:09Z,2023-10-17T19:28:20Z,I have written a few lines now and again.,I have written a few lines now and again.,I could do it quickly with external help.,"In machine readible files (e.g. CSV, JSON)",I regularly use LLMs for various tasks to improve efficiency (e.g. once a day).,Academia,A barrier,Not a barrier,Not a barrier,Not a barrier,Not a barrier,No
s8v3s1,2023-10-12T21:34:12Z,2023-10-12T21:35:32Z,I have none.,I have none.,I wouldn’t know where to start.,In a spreadsheet-based format (e.g MS Excel xlsx or Google Sheets),I use LLMs occasionally for specific tasks when needed (e.g once a week).,Independent consultant,Not a barrier,Not a barrier,Not a barrier,Not a barrier,Not a barrier,Yes
w9z2w3,2023-10-06T16:46:36Z,2023-10-06T16:47:06Z,I have none.,I have none.,I wouldn’t know where to start.,In a spreadsheet-based format (e.g MS Excel xlsx or Google Sheets),I have not used any LLMs for completing tasks.,Independent consultant,A barrier,Not a barrier,Not a barrier,Not a barrier,Not a barrier,No
x9c7x2,2023-10-06T14:17:13Z,2023-10-26T16:11:24Z,I have written a few lines now and again.,I have none.,I could struggle through by trial and error with a lot of web searches.,In a spreadsheet-based format (e.g MS Excel xlsx or Google Sheets),I regularly use LLMs for various tasks to improve efficiency (e.g. once a day).,Private sector,Not a barrier,Not a barrier,Not a barrier,Not a barrier,Not a barrier,Yes
s3r5s8,2023-10-09T16:58:07Z,2023-10-09T16:58:55Z,I have none.,I have none.,I could struggle through by trial and error with a lot of web searches.,In a spreadsheet-based format (e.g MS Excel xlsx or Google Sheets),I have not used any LLMs for completing tasks.,Academia,Not a barrier,Not a barrier,Not a barrier,Not a barrier,Not a barrier,Yes
